ns,sidx,T,re,R,numerical_DHS,opt_DHS,num_iterations,num_func_evals,num_pert
9,13,5.0,8,2,0.47742405060971405,0.47742161593510135,1004,131198,3
9,13,5.0,8,8,0.10696577282679388,0.10640790906775809,940,134856,3