ns,T,r,R,numerical_DHS,opt_DHS,num_iterations,num_func_evals
5,0.25,2,1,0.5001991200011839,0.5001991198021514,26,999,0
5,0.25,2,2,0.00019912009741529513,0.00019911980215144164,78,3420,0
5,0.25,2,3,7.985818105438192e-05,7.855142556540247e-05,156,7728,5
5,1.0,12,1,0.7051590042616562,0.7051590008215861,36,1406,0
5,0.25,2,4,9.919903865163171e-05,1.8267237272383076e-05,112,6044,5
5,1.0,12,2,0.2051594799315969,0.20515900082158703,81,3306,0
5,1.0,12,3,0.09585077957693805,0.09585077919772265,126,5109,0
5,1.0,12,4,0.041196668640867073,0.04119666838579045,112,4880,0