ns,T,r,R,numerical_DHS,opt_DHS,num_iterations,num_func_evals
4,1.0,8,1,0.6727761667801596,0.6727761666837482,20,418,0
4,1.0,8,2,0.19194859161602773,0.1919485915979441,53,1160,0
4,1.0,8,3,0.08665034446371589,0.08665034436891828,120,2877,0
4,1.0,8,4,0.03810023562179654,0.03810023555265936,130,3036,0