ns,T,r,R,numerical_DHS,opt_DHS,num_iterations,num_func_evals
6,1.0,12,1,0.5849641355377091,0.5849641353180952,59,3266,0
6,1.0,12,2,0.16240099015012494,0.1624009899808942,100,5076,0
6,1.0,12,3,0.06731676976912188,0.06731676906509827,139,7344,0
6,1.0,12,4,0.03199156187378549,0.031991560935793105,200,10437,0