ns,T,r,R,numerical_DHS,opt_DHS,num_iterations,num_func_evals
5,1.0,12,1,0.6946969410807238,0.6946969406647739,33,1517,0
5,1.0,12,2,0.19469694120304148,0.19469694066477414,64,2546,0
5,1.0,12,3,0.08031624103530444,0.08031624094541351,136,5460,0
5,1.0,12,4,0.02312677315688144,0.023125891085733246,172,7360,0