ns,T,r,R,numerical_DHS,opt_DHS,num_iterations,num_func_evals
3,0.25,2,1,0.5000000000051216,0.5000000000035945,7,117,0
3,0.25,2,2,4.9970139137656133e-11,0,20,322,0
3,0.25,2,3,3.9420411379609277e-10,0,18,315,0
3,0.25,2,4,3.276523496964501e-11,0,17,320,0