ns,T,r,R,numerical_DHS,opt_DHS,num_iterations,num_func_evals
5,1.0,12,1,0.6737472570815759,0.6737472570579254,38,1665,0
5,1.0,12,2,0.17374725805576663,0.17374725705792604,55,2204,0
5,1.0,12,3,0.07920745526275641,0.07920745525167354,82,3393,0
5,1.0,12,4,0.03193755440442869,0.03193755434854731,108,4480,0