ns,T,r,R,numerical_DHS,opt_DHS,num_iterations,num_func_evals
4,1.0,6,1,0.4595911618973221,0.45959116141770395,14,399,0
4,1.0,6,2,0.06361901917948432,0.06361901904301796,41,1000,0
4,1.0,6,3,0.01912268510543036,0.01912268507633251,71,1743,0
4,1.0,6,4,0.004049471602258103,0.004049471104141354,70,1628,0