ns,T,r,R,numerical_DHS,opt_DHS,num_iterations,num_func_evals
5,0.25,2,1,0.5000394444079468,0.5000394440856564,22,888,0
5,0.25,2,2,3.944714573433927e-05,3.9444085658444216e-05,66,3078,0
5,0.25,2,3,2.0572313542688292e-05,1.3823825842105728e-05,78,3237,5
5,0.25,2,4,2.6990533066317823e-06,1.0136959339368342e-06,135,6864,5