ns,T,r,R,numerical_DHS,opt_DHS,num_iterations,num_func_evals
7,0.25,4,1,0.702644481180507,0.7026439071787858,83,6935,0
7,0.25,4,2,0.20264475898892298,0.20264390717878744,157,12358,0
7,0.25,4,3,0.06762475145094327,0.0676241160181121,336,29232,1
7,0.25,4,4,0.00011422659651888489,0.00011422043777541734,341,30038,1