ns,T,r,R,numerical_DHS,opt_DHS,num_iterations,num_func_evals
2,0.25,3,1,0.01085147292100097,0.010851472921000718,5,45,1
2,0.25,3,2,0.0006599794047534857,0.0006599794037767281,16,100,0
2,0.25,3,3,2.4295681415598125e-06,2.429566978042993e-06,26,210,1
2,0.25,3,4,1.5220713578401046e-11,0,23,231,0