ns,T,r,R,numerical_DHS,opt_DHS,num_iterations,num_func_evals
4,0.25,4,1,0.3238048558888962,0.3238048558582374,30,754,1
4,0.25,4,2,0.043434030494692744,0.04343403030752643,54,1180,0
4,0.25,4,3,0.006466032982406111,0.006466032335792012,120,3093,1
4,0.25,4,4,3.130335990420008e-10,0,89,2134,0