ns,T,r,R,numerical_DHS,opt_DHS,num_iterations,num_func_evals
5,0.25,4,1,0.6045785409987434,0.604578540936192,38,1554,0
5,0.25,4,2,0.10457854099713804,0.10457854093619207,84,3458,0
5,0.25,4,3,0.03485976881662678,0.03485951563679393,165,6825,0
5,0.25,4,4,3.448347385415218e-09,0,165,8348,1