ns,T,r,R,numerical_DHS,opt_DHS,num_iterations,num_func_evals
7,0.25,4,1,0.5114749923452548,0.5114749913560129,97,8176,0
7,0.25,4,2,0.011475221867740304,0.011474991356013592,141,11100,0
7,0.25,4,3,0.003827351248478439,0.0038273475284468783,301,25755,1
7,0.25,4,4,3.863481536137137e-06,3.52561466353764e-06,328,26372,0