ns,T,r,R,numerical_DHS,opt_DHS,num_iterations,num_func_evals
5,1.0,8,1,0.5548063009573165,0.5548063006218096,29,1221,0
5,1.0,8,2,0.0548063006824312,0.05480630062181017,52,2090,0
5,1.0,8,3,0.024084589186649463,0.024084588056862668,129,5538,0
5,1.0,8,4,0.008723731823060854,0.008723731774388933,88,3840,0