ns,T,r,R,numerical_DHS,opt_DHS,num_iterations,num_func_evals
3,0.25,2,1,0.5000000050352621,0.5000000050347422,9,169,0
3,1.0,6,1,0.5061471949145201,0.5061471948536432,7,143,0
3,1.0,6,2,0.006147194895393282,0.006147194853643295,17,252,0
3,0.25,2,2,5.041975170705371e-09,0,41,756,0
3,0.25,2,3,2.5644358858656346e-09,0,17,330,0
3,1.0,6,3,0.002880822437635988,0.0028808224007224595,44,705,0
3,0.25,2,4,7.783670374905682e-10,0,20,384,0
3,1.0,6,4,0.0012476362084634651,0.0012476361742620456,38,672,0