ns,T,r,R,numerical_DHS,opt_DHS,num_iterations,num_func_evals
5,1.0,12,1,0.6084939508409225,0.6084939507682235,32,1332,0
5,1.0,12,2,0.10849396212496198,0.1084939507682236,142,5776,0
5,1.0,12,3,0.0520901954895262,0.052089733124186924,111,4485,0
5,1.0,12,4,0.023887965592986393,0.023887624302168585,179,9000,1