ns,T,r,R,numerical_DHS,opt_DHS,num_iterations,num_func_evals
7,1.0,12,1,0.8014099037086438,0.8014098845314113,182,15999,1
7,1.0,12,2,0.30140988592320983,0.30140988453141143,239,18574,0
7,1.0,12,3,0.16020724021683397,0.16020695029517806,448,38970,1
7,1.0,12,4,0.08960878962590313,0.08960548317706148,355,29536,5