ns,T,r,R,numerical_DHS,opt_DHS,num_iterations,num_func_evals
5,0.25,2,1,0.5000000004744082,0.5000000004653575,23,1443,0
5,0.25,2,2,2.142378052738536e-09,0,66,2888,0
5,0.25,2,3,5.709885897431377e-10,0,60,3003,0
5,0.25,2,4,5.421587623288815e-10,0,57,2720,0