ns,T,r,R,numerical_DHS,opt_DHS,num_iterations,num_func_evals
8,1.0,14,1,0.5455929908489661,0.5455929881583799,144,14195,0
8,1.0,14,2,0.18488467626628713,0.18488373705026268,202,19092,0
8,1.0,14,3,0.06464829511272607,0.06464732001422382,314,28449,0
8,1.0,14,4,0.03222683958978201,0.03222683728799981,343,31416,0