ns,T,r,R,numerical_DHS,opt_DHS,num_iterations,num_func_evals
4,1.0,5,1,0.4010634487286385,0.4010634487207736,15,380,0
4,1.0,5,2,0.07155388693474907,0.07155388692302611,63,1744,1
4,1.0,5,3,0.013685704446384617,0.013683095485798295,89,2037,5
4,1.0,5,4,0.0005394535091461927,0.0005394526482901819,136,3892,1