ns,T,r,R,numerical_DHS,opt_DHS,num_iterations,num_func_evals
2,0.25,2,1,0.1783848541470745,0.1783848541470743,4,20,0
2,0.25,2,2,4.1091512414936915e-09,0,12,75,0
2,0.25,2,3,4.527911379170746e-10,0,16,114,0
2,0.25,2,4,2.05613304160579e-13,0,22,238,0