ns,T,r,R,numerical_DHS,opt_DHS,num_iterations,num_func_evals
7,0.25,4,1,0.5501599942237607,0.5501599835470473,68,5767,0
7,0.25,4,2,0.05015998638395913,0.05015998354704819,146,11618,0
7,0.25,4,3,0.016767173856493622,0.016767095308665294,332,27000,0
7,0.25,4,4,7.257735744958804e-05,7.065118947386284e-05,298,25726,5