ns,T,r,R,numerical_DHS,opt_DHS,num_iterations,num_func_evals
7,0.25,4,1,0.5012507516644211,0.5012507502946654,122,10147,0
7,0.25,4,2,0.001251116804105168,0.0012507502946655957,70,6142,0
7,0.25,4,3,0.0004304702100104141,0.0004289730149437486,621,64221,5
7,0.25,4,4,2.1759265701914998e-05,1.808437508283011e-05,510,41268,5