ns,T,r,R,numerical_DHS,opt_DHS,num_iterations,num_func_evals
7,0.25,6,1,0.5341921641269183,0.5341914855267209,137,11388,0