ns,T,r,R,numerical_DHS,opt_DHS,num_iterations,num_func_evals
6,1.0,11,1,0.6543326788727261,0.654332677337024,95,4968,0
6,1.0,11,2,0.20985795829381537,0.2098579554237884,147,7238,0
6,1.0,11,3,0.09383718590762719,0.09383658846060425,130,6480,0
6,1.0,11,4,0.04779139366873125,0.04779139161958631,172,9065,0