ns,T,r,R,numerical_DHS,opt_DHS,num_iterations,num_func_evals
7,1.0,12,1,0.6081259997170085,0.6081259980583585,107,7040,0