ns,T,r,R,numerical_DHS,opt_DHS,num_iterations,num_func_evals
4,0.25,4,1,0.4450079981144984,0.44500799765530075,16,361,0
4,0.25,4,2,0.0075324020258978885,0.007532401978222989,42,900,0
4,0.25,4,3,0.0021887391521628885,0.0021887387044622108,192,4410,0
4,0.25,4,4,2.215019039542021e-05,2.2150100127970913e-05,169,6037,2