ns,T,r,R,numerical_DHS,opt_DHS,num_iterations,num_func_evals
5,0.25,4,1,0.5020315484540984,0.5020315484037161,38,1702,0
5,0.25,4,2,0.002031548615469503,0.002031548403717635,54,2508,0
5,0.25,4,3,0.0016785119192824771,0.0006787407177465973,46,2262,5
5,0.25,4,4,2.338138630930686e-06,2.336874761078916e-06,174,7720,0