ns,T,r,R,numerical_DHS,opt_DHS,num_iterations,num_func_evals
5,0.25,6,1,0.5264771397738186,0.5264771397196335,31,1443,0
5,0.25,6,2,0.02647713982883515,0.026477139719633624,56,2508,0
5,0.25,6,3,0.009504536893878868,0.00950390447276674,75,3081,0
5,0.25,6,4,0.001017286995802058,0.0010172868493333218,86,3640,0