ns,T,r,R,numerical_DHS,opt_DHS,num_iterations,num_func_evals
3,1.0,4,1,0.5011677875117587,0.5011677875031274,9,208,0
3,1.0,4,2,0.0011677875035026597,0.0011677875031290222,29,532,0
3,1.0,4,3,0.00044261654181310117,0.000442616532677918,48,780,0
3,1.0,4,4,8.003149740654081e-05,8.00310474523663e-05,38,656,0