ns,T,r,R,numerical_DHS,opt_DHS,num_iterations,num_func_evals
7,0.25,4,1,0.5662310732007025,0.5662307850596271,82,6497,0
7,0.25,4,2,0.06623078509929281,0.06623078505962826,191,15466,0
7,0.25,4,3,0.022077378044055518,0.022077302264380202,332,25800,0
7,0.25,4,4,8.288011991153255e-07,5.608667562749067e-07,202,15884,0