ns,T,r,R,numerical_DHS,opt_DHS,num_iterations,num_func_evals
5,0.25,6,1,0.5146432885706913,0.514643287965041,30,1295,0
5,0.25,6,2,0.014643288221031114,0.014643287965041767,50,2242,0
5,0.25,6,3,0.00527291294152743,0.005272898502110976,136,5616,0
5,0.25,6,4,0.0005877124155844182,0.000587703770645599,106,4560,0