ns,T,r,R,numerical_DHS,opt_DHS,num_iterations,num_func_evals
4,0.25,4,1,0.5085535455435921,0.5085535454991392,15,532,0
4,0.25,4,2,0.024296025735928817,0.02429602573139266,35,840,0
4,0.25,4,3,0.007796865153860577,0.007796865098645533,80,1827,0
4,0.25,4,4,6.015107406609488e-07,6.014608759280397e-07,67,1540,0