ns,T,r,R,numerical_DHS,opt_DHS,num_iterations,num_func_evals
7,0.25,4,1,0.5964516532041387,0.5964516529488615,88,8103,0
7,0.25,4,2,0.09645165373166964,0.09645165294886157,151,11692,0
7,0.25,4,3,0.03241645735941412,0.03241600927933617,291,23775,0
7,0.25,4,4,0.00039834697423002385,0.0003981874445736746,221,17480,0