ns,T,r,R,numerical_DHS,opt_DHS,num_iterations,num_func_evals
2,1.0,4,1,0.5295898754752199,0.5295898754693514,4,20,0
2,1.0,4,2,0.12259715215445532,0.1225971521544132,16,100,0
2,1.0,4,3,0.029195184023884768,0.029195184023838743,18,144,0
2,1.0,4,4,9.480305429576674e-12,0,21,189,0